{
	"system" : {
		"platform" : "windows64",
		"os_name" : "Windows 10",
		"os_version" : "10.0"
	},
	"error" : {
		"executable" : "quartus",
		"comment" : "none",
		"error_message" : "Access Violation at 0X00007FF9646450C4",
		"source_file" : "unknown",
		"line" : "0",
		"stack_trace" : "\t0x7ff9646450c3: sld_chi + 0x150c3 (?delete_current_cache@CHI_CONTROL_DEVICE_MOD_RAM@@AEAAXXZ + 0x53)\n\t0x7ff964644509: sld_chi + 0x14509 (??1CHI_CONTROL_DEVICE_MOD_RAM@@QEAA@XZ + 0x39)\n\t0x7ff952158db3: sld_redq + 0x8db3 (??1REDQ_DEVICE_WIDGET@@UEAA@XZ + 0x113)\n\t0x7ff952159c33: sld_redq + 0x9c33 (??_EREDQ_DEVICE_WIDGET@@UEAAPEAXI@Z + 0x13)\n\t0x7ff95215908e: sld_redq + 0x908e (??1REDQ_WIDGET@@UEAA@XZ + 0x3e)\n\t0x7ff95215a113: sld_redq + 0xa113 (??_EREDQ_WIDGET@@UEAAPEAXI@Z + 0x13)\n\t 0x6121e472: QtCore4 + 0x11e472 (?deleteChildren@QObjectPrivate@@QEAAXXZ + 0xa2)\n\t 0x6144c347: QtGui4 + 0x5c347 (??1QWidget@@UEAA@XZ + 0x7a7)\n\t0x7ff952159a34: sld_redq + 0x9a34 (??_EQSplitter@@UEAAPEAXI@Z + 0x14)\n\t 0x6121e472: QtCore4 + 0x11e472 (?deleteChildren@QObjectPrivate@@QEAAXXZ + 0xa2)\n\t 0x6144c347: QtGui4 + 0x5c347 (??1QWidget@@UEAA@XZ + 0x7a7)\n\t0x7ff952159ec7: sld_redq + 0x9ec7 (??_EREDQ_LAYOUT_WIDGET@@UEAAPEAXI@Z + 0x37)\n\t 0x6121e472: QtCore4 + 0x11e472 (?deleteChildren@QObjectPrivate@@QEAAXXZ + 0xa2)\n\t 0x6144c347: QtGui4 + 0x5c347 (??1QWidget@@UEAA@XZ + 0x7a7)\n\t0x7ff952159c87: sld_redq + 0x9c87 (??_EREDQ_FRAME_WND@@UEAAPEAXI@Z + 0x37)\n\t 0x6121f9b4: QtCore4 + 0x11f9b4 (?event@QObject@@UEAA_NPEAVQEvent@@@Z + 0xa4)\n\t 0x61451402: QtGui4 + 0x61402 (?event@QWidget@@MEAA_NPEAVQEvent@@@Z + 0xd42)\n\t 0x61789d30: QtGui4 + 0x399d30 (?event@QMainWindow@@MEAA_NPEAVQEvent@@@Z + 0x280)\n\t 0x61412e95: QtGui4 + 0x22e95 (?notify_helper@QApplicationPrivate@@QEAA_NPEAVQObject@@PEAVQEvent@@@Z + 0xf5)\n\t 0x61412b2f: QtGui4 + 0x22b2f (?notify@QApplication@@UEAA_NPEAVQObject@@PEAVQEvent@@@Z + 0x17bf)\n\t 0x6120d92b: QtCore4 + 0x10d92b (?notifyInternal@QCoreApplication@@AEAA_NPEAVQObject@@PEAVQEvent@@@Z + 0x7b)\n\t 0x6120f502: QtCore4 + 0x10f502 (?sendPostedEvents@QCoreApplicationPrivate@@SAXPEAVQObject@@HPEAVQThreadData@@@Z + 0x2b2)\n\t 0x61232fb8: QtCore4 + 0x132fb8 (?processEvents@QEventDispatcherWin32@@UEAA_NV?$QFlags@W4ProcessEventsFlag@QEventLoop@@@@@Z + 0xb98)\n\t0x7ff992a363ec: USER32 + 0x163ec (CallWindowProcW + 0x3bc)\n\t0x7ff992a35de1: USER32 + 0x15de1 (DispatchMessageW + 0x1f1)\n\t 0x61232802: QtCore4 + 0x132802 (?processEvents@QEventDispatcherWin32@@UEAA_NV?$QFlags@W4ProcessEventsFlag@QEventLoop@@@@@Z + 0x3e2)\n\t 0x61470eb4: QtGui4 + 0x80eb4 (?openPopup@QApplicationPrivate@@QEAAXPEAVQWidget@@@Z + 0x204)\n\t 0x6120a88b: QtCore4 + 0x10a88b (?exec@QEventLoop@@QEAAHV?$QFlags@W4ProcessEventsFlag@QEventLoop@@@@@Z + 0x22b)\n\t 0x6120ce6f: QtCore4 + 0x10ce6f (?exec@QCoreApplication@@SAHXZ + 0xdf)\n\t0x7ff72529197b: quartus + 0x197b (?qgq_main@@YAHHPEAPEBD@Z + 0x7b)\n\t0x7ff970c03328: CCL_MSG + 0x13328 (?msg_main_thread@@YAPEAXPEAX@Z + 0x18)\n\t0x7ff970c04b0e: CCL_MSG + 0x14b0e (?msg_thread_wrapper@@YAPEAXP6APEAXPEAX@Z0@Z + 0x6e)\n\t0x7ff97a025b00: ccl_mem + 0x15b00 (?mem_thread_wrapper@@YAPEAXP6APEAXPEAX@Z0@Z + 0x70)\n\t0x7ff970c02a11: CCL_MSG + 0x12a11 (?msg_exe_main@@YAHHPEAPEBDP6AHH0@Z@Z + 0xa1)\n\t0x7ff7252924e7: quartus + 0x24e7 (WinMain + 0x127)\n\t0x7ff725291e58: quartus + 0x1e58 (__tmainCRTStartup + 0x148)\n\t0x7ff992de7bd3: KERNEL32 + 0x17bd3 (BaseThreadInitThunk + 0x13)\n\t0x7ff992fcced0: ntdll + 0x6ced0 (RtlUserThreadStart + 0x20)\n",
		"subsystem" : "unknown"
	},
	"quartus" : {
		"quartus_bits" : "64",
		"version" : "16.1.0",
		"build" : "196",
		"edition" : "Lite Edition"
	}
}